<dblp>
<article mdate="2007-12-19" key="journals/debu/Halevy01">
    <author>Alon Y. Halevy</author>
    <title>Letter from the Special Issue Editor.</title>
    <pages>2</pages>
    <year>2001</year>
    <ee>http://sites.computer.org/debull/A01JUN-CD.pdf</ee>
    <volume>24</volume>
    <journal>IEEE Data Eng. Bull.</journal>
    <number>2</number>
    <url>http://www.informatik.uni-trier.de/~ley/db/journals/debu/debu24.html#Halevy01</url>
</article>
<incollection mdate="2004-03-30" key="books/sp/staabS2004/DoanMDH04">
    <author>AnHai Doan</author>
    <author>Jayant Madhavan</author>
    <author>Pedro Domingos</author>
    <author>Alon Y. Halevy</author>
    <title>Ontology Matching: A Machine Learning Approach.</title>
    <pages>385-404</pages>
    <crossref>books/sp/StaabS04</crossref>
    <year>2004</year>
    <booktitle>Handbook on Ontologies</booktitle>
    <url>http://www.informatik.uni-trier.de/~ley/db/books/collections/StaabS2004.html#DoanMDH04</url>
</incollection>
<inproceedings mdate="2012-12-11" key="conf/aaai/MadhavanBDH02">
    <author>Jayant Madhavan</author>
    <author>Philip A. Bernstein</author>
    <author>Pedro Domingos</author>
    <author>Alon Y. Halevy</author>
    <title>Representing and Reasoning about Mappings between Domain Models.</title>
    <pages>80-86</pages>
    <year>2002</year>
    <crossref>conf/aaai/2002</crossref>
    <booktitle>AAAI/IAAI</booktitle>
    <url>http://www.informatik.uni-trier.de/~ley/db/conf/aaai/aaai2002.html#MadhavanBDH02</url>
    <ee>http://www.aaai.org/Library/AAAI/2002/aaai02-013.php</ee>
</inproceedings>
<article mdate="2011-05-26" key="journals/ml/DoanDH03">
    <author>AnHai Doan</author>
    <author>Pedro Domingos</author>
    <author>Alon Y. Halevy</author>
    <title>Learning to Match the Schemas of Data Sources: A Multistrategy Approach.</title>
    <pages>279-301</pages>
    <year>2003</year>
    <volume>50</volume>
    <journal>Machine Learning</journal>
    <number>3</number>
    <url>http://www.informatik.uni-trier.de/~ley/db/journals/ml/ml50.html#DoanDH03</url>
    <ee>http://dx.doi.org/10.1023/A:1021765902788</ee>
</article>
<article mdate="2006-03-16" key="journals/queue/Halevy05">
    <author>Alon Y. Halevy</author>
    <title>Why your data won't mix.</title>
    <pages>50-58</pages>
    <year>2005</year>
    <volume>3</volume>
    <journal>ACM Queue</journal>
    <number>8</number>
    <ee>http://doi.acm.org/10.1145/1103822.1103836</ee>
    <url>http://www.informatik.uni-trier.de/~ley/db/journals/queue/queue3.html#Halevy05</url>
</article>
<inproceedings mdate="2011-05-31" key="conf/btw/Halevy03">
    <author>Alon Y. Halevy</author>
    <title>Data Integration: A Status Report.</title>
    <pages>24-29</pages>
    <year>2003</year>
    <crossref>conf/btw/2003</crossref>
    <booktitle>BTW</booktitle>
    <ee>http://subs.emis.de/LNI/Proceedings/Proceedings26/article623.html</ee>
    <url>http://www.informatik.uni-trier.de/~ley/db/conf/btw/btw2003.html#Halevy03</url>
</inproceedings>
<article mdate="2010-12-29" key="journals/aim/DoanH05">
    <author>AnHai Doan</author>
    <author>Alon Y. Halevy</author>
    <title>Semantic Integration Research in the Database Community: A Brief Survey.</title>
    <pages>83-94</pages>
    <year>2005</year>
    <volume>26</volume>
    <journal>AI Magazine</journal>
    <number>1</number>
    <url>http://www.informatik.uni-trier.de/~ley/db/journals/aim/aim26.html#DoanH05</url>
    <ee>http://www.aaai.org/ojs/index.php/aimagazine/article/view/1801</ee>
</article>
<article mdate="2010-12-29" key="journals/aim/DoanHN04">
    <author>AnHai Doan</author>
    <author>Alon Y. Halevy</author>
    <author>Natalya Fridman Noy</author>
    <title>Semantic Integration Workshop at the Second International Semantic Web Conference (ISWC-2003).</title>
    <pages>109-112</pages>
    <year>2004</year>
    <volume>25</volume>
    <journal>AI Magazine</journal>
    <number>1</number>
    <url>http://www.informatik.uni-trier.de/~ley/db/journals/aim/aim25.html#DoanHN04</url>
    <ee>http://www.aaai.org/ojs/index.php/aimagazine/article/view/1753</ee>
</article>
<article mdate="2010-12-29" key="journals/aim/NoyDH05">
    <author>Natalya Fridman Noy</author>
    <author>AnHai Doan</author>
    <author>Alon Y. Halevy</author>
    <title>Semantic Integration.</title>
    <pages>7-10</pages>
    <year>2005</year>
    <volume>26</volume>
    <journal>AI Magazine</journal>
    <number>1</number>
    <url>http://www.informatik.uni-trier.de/~ley/db/journals/aim/aim26.html#NoyDH05</url>
    <ee>http://www.aaai.org/ojs/index.php/aimagazine/article/view/1794</ee>
</article>
<article mdate="2012-09-19" key="journals/sigmod/DoanHN04">
    <author>AnHai Doan</author>
    <author>Alon Y. Halevy</author>
    <author>Natalya Fridman Noy</author>
    <title>Semantic Integration Workshop at the 2nd International Semantic Web Conference (ISWC-2003).</title>
    <pages>138-140</pages>
    <year>2004</year>
    <volume>33</volume>
    <journal>SIGMOD Record</journal>
    <number>1</number>
    <ee>http://www.acm.org/sigmod/record/issues/0403/R3.Semantic_integration_03.pdf</ee>
    <url>http://www.informatik.uni-trier.de/~ley/db/journals/sigmod/sigmod33.html#DoanHN04</url>
</article>
<article mdate="2012-09-19" key="journals/sigmod/DoanNH04">
    <author>AnHai Doan</author>
    <author>Natalya Fridman Noy</author>
    <author>Alon Y. Halevy</author>
    <title>Introduction to the Special Issue on Semantic Integration.</title>
    <pages>11-13</pages>
    <year>2004</year>
    <volume>33</volume>
    <journal>SIGMOD Record</journal>
    <number>4</number>
    <ee>http://doi.acm.org/10.1145/1041410.1041412</ee>
    <url>http://www.informatik.uni-trier.de/~ley/db/journals/sigmod/sigmod33.html#DoanNH04</url>
</article>
</dblp>
