<dblp>
    <inproceedings>
        <author>author1</author>
        <author>author2</author>
        <author>author3</author>
        <title>journal1</title>
        <year>9999</year>
    </inproceedings>
    <inproceedings>
        <author>author4</author>
        <author>author1</author>
        <author>author3</author>
        <title>journal3</title>
        <year>9999</year>
    </inproceedings>
    <inproceedings>
        <author>author1</author>
        <title>journal3</title>
        <year>9999</year>
    </inproceedings>
</dblp>
