<?xml version="1.0" encoding="UTF-8"?>
<!--
To change this template, choose Tools | Templates
and open the template in the editor.
-->
<dblp>
<inproceedings>
    <author>Sam Alice</author>
    <author>Samuel Alice</author>
    <author>Sam Brian</author>
    <author>Samuel Brian</author>
    <author>Sam Brian</author>
    <author>Alice Esam</author>
    <author>Brian Esam</author>
    <author>Alice Sam</author>
    <author>Brian Sam</author>
    <author>Alice Sammer</author>
    <author>Brian Sammer</author>
    <author>Alice Samming</author>
    <author>Brian Samming</author>
    <author>Mona Zaki</author>
    <title>PUBLICATION1</title>
    <year>9999</year>
</inproceedings>
</dblp>
